{
    "id": "2",
    "isDuringSearch": false,
    "moveInfos": [
        {
            "lcb": 0.56110491,
            "move": "D16",
            "order": 0,
            "prior": 0.249100253,
            "pv": [
                "D16",
                "Q4",
                "Q16",
                "C17",
                "D17",
                "C16",
                "D15",
                "C14",
                "R3",
                "Q3"
            ],
            "scoreLead": 0.231857635,
            "scoreMean": 0.231857635,
            "scoreSelfplay": 0.668432572,
            "scoreStdev": 19.0285294,
            "utility": 0.113463312,
            "utilityLcb": 0.121692593,
            "visits": 145,
            "weight": 144.97198550183066,
            "winrate": 0.558165881
        },
        {
            "isSymmetryOf": "D16",
            "lcb": 0.56110491,
            "move": "Q4",
            "order": 1,
            "prior": 0.249100253,
            "pv": [
                "Q4",
                "D16",
                "Q16",
                "R3",
                "R4",
                "Q3",
                "P4",
                "O3",
                "C17",
                "C16"
            ],
            "scoreLead": 0.231857635,
            "scoreMean": 0.231857635,
            "scoreSelfplay": 0.668432572,
            "scoreStdev": 19.0285294,
            "utility": 0.113463312,
            "utilityLcb": 0.121692593,
            "visits": 145,
            "weight": 144.97198550183066,
            "winrate": 0.558165881
        },
        {
            "lcb": 0.562791033,
            "move": "Q16",
            "order": 2,
            "prior": 0.349832684,
            "pv": [
                "Q16",
                "Q4",
                "D16",
                "C17",
                "D17",
                "C16",
                "D15",
                "C14",
                "R3",
                "Q3"
            ],
            "scoreLead": 0.245677956,
            "scoreMean": 0.245677956,
            "scoreSelfplay": 0.702763362,
            "scoreStdev": 19.0107705,
            "utility": 0.117976155,
            "utilityLcb": 0.12588912,
            "visits": 113,
            "weight": 113.0,
            "winrate": 0.559964974
        },
        {
            "lcb": 0.568912633,
            "move": "Q17",
            "order": 3,
            "prior": 0.0295986403,
            "pv": [
                "Q17",
                "Q4",
                "D16",
                "R15",
                "O16",
                "C17",
                "D17"
            ],
            "scoreLead": 0.31947936,
            "scoreMean": 0.31947936,
            "scoreSelfplay": 0.808555218,
            "scoreStdev": 19.2218989,
            "utility": 0.130278607,
            "utilityLcb": 0.140175326,
            "visits": 58,
            "weight": 58.0,
            "winrate": 0.565378091
        },
        {
            "isSymmetryOf": "Q17",
            "lcb": 0.568912633,
            "move": "R16",
            "order": 4,
            "prior": 0.0295986403,
            "pv": [
                "R16",
                "D16",
                "Q4",
                "P17",
                "Q14",
                "R3",
                "R4"
            ],
            "scoreLead": 0.31947936,
            "scoreMean": 0.31947936,
            "scoreSelfplay": 0.808555218,
            "scoreStdev": 19.2218989,
            "utility": 0.130278607,
            "utilityLcb": 0.140175326,
            "visits": 58,
            "weight": 58.0,
            "winrate": 0.565378091
        },
        {
            "lcb": 0.572190613,
            "move": "D17",
            "order": 5,
            "prior": 0.0219743717,
            "pv": [
                "D17",
                "Q16",
                "Q4",
                "R3",
                "Q3",
                "R4"
            ],
            "scoreLead": 0.333790848,
            "scoreMean": 0.333790848,
            "scoreSelfplay": 0.83835273,
            "scoreStdev": 19.1897339,
            "utility": 0.136028934,
            "utilityLcb": 0.148417137,
            "visits": 48,
            "weight": 48.0,
            "winrate": 0.567766255
        },
        {
            "isSymmetryOf": "D17",
            "lcb": 0.572190613,
            "move": "R4",
            "order": 6,
            "prior": 0.0219743717,
            "pv": [
                "R4",
                "Q16",
                "D16",
                "C17",
                "C16",
                "D17"
            ],
            "scoreLead": 0.333790848,
            "scoreMean": 0.333790848,
            "scoreSelfplay": 0.83835273,
            "scoreStdev": 19.1897339,
            "utility": 0.136028934,
            "utilityLcb": 0.148417137,
            "visits": 48,
            "weight": 48.0,
            "winrate": 0.567766255
        },
        {
            "lcb": 0.573925217,
            "move": "C16",
            "order": 7,
            "prior": 0.0197362099,
            "pv": [
                "C16",
                "Q16",
                "Q4",
                "E17",
                "D14",
                "R3",
                "Q3",
                "R4"
            ],
            "scoreLead": 0.350625335,
            "scoreMean": 0.350625335,
            "scoreSelfplay": 0.881449475,
            "scoreStdev": 19.2314507,
            "utility": 0.13710927,
            "utilityLcb": 0.149964066,
            "visits": 50,
            "weight": 50.0,
            "winrate": 0.569334218
        },
        {
            "isSymmetryOf": "C16",
            "lcb": 0.573925217,
            "move": "Q3",
            "order": 8,
            "prior": 0.0197362099,
            "pv": [
                "Q3",
                "Q16",
                "D16",
                "R5",
                "O4",
                "C17",
                "C16",
                "D17"
            ],
            "scoreLead": 0.350625335,
            "scoreMean": 0.350625335,
            "scoreSelfplay": 0.881449475,
            "scoreStdev": 19.2314507,
            "utility": 0.13710927,
            "utilityLcb": 0.149964066,
            "visits": 50,
            "weight": 50.0,
            "winrate": 0.569334218
        },
        {
            "lcb": 0.579882758,
            "move": "C17",
            "order": 9,
            "prior": 0.00288241031,
            "pv": [
                "C17",
                "Q4",
                "R16",
                "P17",
                "Q14",
                "R12",
                "M17",
                "N16"
            ],
            "scoreLead": 0.4812276,
            "scoreMean": 0.4812276,
            "scoreSelfplay": 1.09596886,
            "scoreStdev": 19.2238719,
            "utility": 0.154675962,
            "utilityLcb": 0.164363245,
            "visits": 39,
            "weight": 39.0,
            "winrate": 0.576423014
        },
        {
            "isSymmetryOf": "C17",
            "lcb": 0.579882758,
            "move": "R3",
            "order": 10,
            "prior": 0.00288241031,
            "pv": [
                "R3",
                "D16",
                "Q17",
                "R15",
                "O16",
                "M17",
                "R12",
                "Q13"
            ],
            "scoreLead": 0.4812276,
            "scoreMean": 0.4812276,
            "scoreSelfplay": 1.09596886,
            "scoreStdev": 19.2238719,
            "utility": 0.154675962,
            "utilityLcb": 0.164363245,
            "visits": 39,
            "weight": 39.0,
            "winrate": 0.576423014
        },
        {
            "lcb": 0.582501606,
            "move": "R17",
            "order": 11,
            "prior": 0.00323445769,