{
  "1": {
    "IMG_1690.jpeg": [
      [0.19576719576719576, 0.32043650793650796],
      [0.6402116402116402, 0.19345238095238096],
      [0.9193121693121693, 0.5198412698412699],
      [0.4074074074074074, 0.6994047619047619]
    ],
    "1_jwerth_cyan_2.jpg": [
      [0.15762273901808785, 0.09883720930232558],
      [0.8617571059431525, 0.07945736434108527],
      [0.9987080103359173, 0.6308139534883721],
      [0.0012919896640826874, 0.6463178294573644]
    ],
    "1_jwerth_yellow_2.jpg": [
      [0.15633074935400518, 0.09689922480620156],
      [0.8604651162790697, 0.0755813953488372],
      [0.9987080103359173, 0.622093023255814],
      [0.002583979328165375, 0.6443798449612403]
    ],
    "1_jwerth_cyan_1.jpg": [
      [0.15762273901808785, 0.09496124031007752],
      [0.8617571059431525, 0.07848837209302326],
      [0.9987080103359173, 0.6104651162790697],
      [0.0012919896640826874, 0.6463178294573644]
    ],
    "1_jwerth_yellow_1.jpg": [
      [0.15891472868217055, 0.09302325581395349],
      [0.8604651162790697, 0.07848837209302326],
      [0.9987080103359173, 0.6298449612403101],
      [0.0, 0.6434108527131783]
    ],
    "1_jwerth_pink_1.jpg": [
      [0.15503875968992248, 0.0939922480620155],
      [0.8617571059431525, 0.0755813953488372],
      [0.9935400516795866, 0.6211240310077519],
      [0.0012919896640826874, 0.6434108527131783]
    ],
    "1_jwerth_pink_2.jpg": [
      [0.15633074935400518, 0.09496124031007752],
      [0.8656330749354005, 0.07364341085271318],
      [0.9987080103359173, 0.627906976744186],
      [0.0, 0.6443798449612403]
    ],
    "1_jwerth_orange_2.jpg": [
      [0.16020671834625322, 0.09593023255813954],
      [0.8591731266149871, 0.07751937984496124],
      [0.9987080103359173, 0.627906976744186],
      [0.0012919896640826874, 0.6443798449612403]
    ],
    "1_jwerth_orange_1.jpg": [
      [0.15633074935400518, 0.09689922480620156],
      [0.8578811369509044, 0.07751937984496124],
      [0.9987080103359173, 0.6327519379844961],
      [0.0, 0.6424418604651163]
    ],
    "1_jwerth_violet_2.jpg": [
      [0.15633074935400518, 0.09786821705426356],
      [0.8617571059431525, 0.07751937984496124],
      [0.9987080103359173, 0.6211240310077519],
      [0.0, 0.6482558139534884]
    ],
    "1_jwerth_green_1.jpg": [
      [0.15503875968992248, 0.09689922480620156],
      [0.8578811369509044, 0.07751937984496124],
      [0.9987080103359173, 0.627906976744186],
      [0.0012919896640826874, 0.6443798449612403]
    ],
    "1_jwerth_violet_1.jpg": [
      [0.15503875968992248, 0.09689922480620156],
      [0.8617571059431525, 0.07655038759689922],
      [0.9987080103359173, 0.6308139534883721],
      [0.0, 0.6453488372093024]
    ],
    "1_jwerth_green_2.jpg": [
      [0.15633074935400518, 0.09689922480620156],
      [0.8591731266149871, 0.07751937984496124],
      [0.9987080103359173, 0.6337209302325582],
      [0.002583979328165375, 0.6453488372093024]
    ],
    "1_jwerth_2.jpg": [
      [0.15762273901808785, 0.09883720930232558],
      [0.8591731266149871, 0.08042635658914729],
      [0.9974160206718347, 0.6346899224806202],
      [0.0, 0.6472868217054264]
    ],
    "1_jwerth_blue_2.jpg": [
      [0.15633074935400518, 0.09593023255813954],
      [0.8591731266149871, 0.07848837209302326],
      [0.9987080103359173, 0.6337209302325582],
      [0.0, 0.6453488372093024]
    ],
    "1_jwerth_1.jpg": [
      [0.15762273901808785, 0.10174418604651163],
      [0.8591731266149871, 0.07945736434108527],
      [0.9987080103359173, 0.6337209302325582],
      [0.0, 0.6472868217054264]
    ],
    "1_jwerth_blue_1.jpg": [
      [0.15633074935400518, 0.09883720930232558],
      [0.8617571059431525, 0.07945736434108527],
      [0.9987080103359173, 0.6346899224806202],
      [0.0012919896640826874, 0.6472868217054264]
    ],
    "IMG_1688.jpeg": [
      [0.3492063492063492, 0.17559523809523808],
      [0.9682539682539683, 0.32242063492063494],
      [0.6957671957671958, 0.8382936507936508],
      [0.015873015873015872, 0.623015873015873]
    ],
    "IMG_1689.jpeg": [
      [0.11507936507936507, 0.14484126984126985],
      [0.8796296296296297, 0.15079365079365079],
      [0.8968253968253969, 0.7817460317460317],
      [0.07539682539682539, 0.7738095238095238]
    ]
  },
  "2": {
    "2_jwerth_greenstones_pink_2.jpg": [
      [0.14082687338501293, 0.05813953488372093],
      [0.8333333333333334, 0.035852713178294575],
      [0.9870801033591732, 0.5755813953488372],
      [0.0, 0.5910852713178295]
    ],
    "2_jwerth_greenstones_green_2.jpg": [
      [0.14082687338501293, 0.05910852713178295],
      [0.8294573643410853, 0.0377906976744186],
      [0.9832041343669251, 0.5746124031007752],
      [0.0012919896640826874, 0.5813953488372093]
    ],
    "2_jwerth_greenstones_pink_1.jpg": [
      [0.13695090439276486, 0.05717054263565891],
      [0.8307493540051679, 0.035852713178294575],
      [0.9857881136950905, 0.5755813953488372],
      [0.0, 0.5872093023255814]
    ],
    "2_jwerth_greenstones_green_1.jpg": [
      [0.13824289405684753, 0.06201550387596899],
      [0.8307493540051679, 0.03875968992248062],
      [0.9844961240310077, 0.5755813953488372],
      [0.0, 0.5891472868217055]
    ],
    "2_jwerth_greenstones_yellow_1.jpg": [
      [0.14082687338501293, 0.060077519379844964],
      [0.8294573643410853, 0.03875968992248062],
      [0.9832041343669251, 0.5746124031007752],
      [0.0, 0.5872093023255814]
    ],
    "2_jwerth_greenstones_cyan_1.jpg": [
      [0.1434108527131783, 0.060077519379844964],
      [0.8281653746770026, 0.03875968992248062],
      [0.9832041343669251, 0.5746124031007752],
      [0.0, 0.5881782945736435]
    ],
    "2_jwerth_greenstones_yellow_2.jpg": [
      [0.1421188630490956, 0.06201550387596899],
      [0.8294573643410853, 0.03875968992248062],
      [0.9832041343669251, 0.5746124031007752],
      [0.0, 0.5862403100775194]
    ],
    "2_jwerth_greenstones_cyan_2.jpg": [
      [0.14082687338501293, 0.05910852713178295],
      [0.8294573643410853, 0.0377906976744186],
      [0.9844961240310077, 0.5736434108527132],
      [0.0012919896640826874, 0.5891472868217055]
    ],
    "2_jwerth_greenstones_1.jpg": [
      [0.14470284237726097, 0.06395348837209303],
      [0.8281653746770026, 0.041666666666666664],
      [0.9844961240310077, 0.5775193798449613],
      [0.0012919896640826874, 0.5910852713178295]
    ],
    "2_jwerth_greenstones_2.jpg": [
      [0.1421188630490956, 0.06298449612403101],
      [0.8294573643410853, 0.040697674418604654],
      [0.9857881136950905, 0.5755813953488372],
      [0.0, 0.5881782945736435]
    ],
    "2_jwerth_greenstones_violet_1.jpg": [
      [0.13824289405684753, 0.05910852713178295],
      [0.8281653746770026, 0.03682170542635659],
      [0.9832041343669251, 0.5736434108527132],
      [0.0, 0.5872093023255814]
    ],
    "2_jwerth_greenstones_violet_2.jpg": [
      [0.13695090439276486, 0.05717054263565891],
      [0.8307493540051679, 0.03682170542635659],
      [0.9844961240310077, 0.5736434108527132],
      [0.0, 0.5852713178294574]
    ],
    "2_jwerth_greenstones_blue_1.jpg": [
      [0.13824289405684753, 0.05329457364341085],
      [0.8320413436692506, 0.03488372093023256],
      [0.9844961240310077, 0.5746124031007752],
      [0.0, 0.5843023255813954]
    ],
    "2_jwerth_greenstones_blue_2.jpg": [
      [0.13953488372093023, 0.0562015503875969],
      [0.8359173126614987, 0.035852713178294575],
      [0.9870801033591732, 0.5765503875968992],
      [0.0, 0.5862403100775194]
    ]
  },
  "3": {
    "3_jwerth_pink_1.jpg": [
      [0.18087855297157623, 0.02616279069767442],
      [0.8940568475452196, 0.01937984496124031],
      [0.9987080103359173, 0.5862403100775194],
      [0.002583979328165375, 0.562984496124031]
    ],
    "3_jwerth_pink_2.jpg": [
      [0.1834625322997416, 0.025193798449612403],
      [0.896640826873385, 0.01937984496124031],
      [0.9987080103359173, 0.5881782945736435],
      [0.0, 0.562984496124031]
    ],